Character ID,Character Name,Species,Gender,House,Patronus,Wand (Wood),Wand (Core),student
1,Harry Potter,Human,Male,Gryffindor,Stag,Holly,Phoenix Feather,y
2,Ron Weasley,Human,Male,Gryffindor,Jack Russell Terrier,,,y
3,Hermione Granger,Human,Female,Gryffindor,Otter,Vine,Dragon Heartstring,y
4,Albus Dumbledore,Human,Male,Gryffindor,Phoenix,Elder,Thestral Tail Hair,n
5,Rubeus Hagrid,Half-Human/Half-Giant,Male,Gryffindor,,Oak,,n
6,Severus Snape,Human,Male,Slytherin,Doe,,,n
7,Minerva McGonagall,Human,Female,Gryffindor,Cat,Fir,Dragon Heartstring,n
8,Horace Slughorn,Human,Male,Slytherin,,Cedar,Dragon Heartstring,n
9,Voldemort,Human,Male,Slytherin,,Yew,Phoenix Feather,n
10,Neville Longbottom,Human,Male,Gryffindor,,Cherry,Unicorn Hair,y
11,Remus Lupin,Werewolf,Male,Gryffindor,Wolf,Cypress,Unicorn Hair,n
12,Draco Malfoy,Human,Male,Slytherin,,Hawthorn,Unicorn Hair,y
13,Alastor Moody,Human,Male,,,,,n
14,Fred Weasley,Human,Male,Gryffindor,,,,y
15,Dolores Umbridge,Human,Female,Slytherin,Cat,Birch,Dragon Heartstring,n
16,Arthur Weasley,Human,Male,Gryffindor,Weasel,,,n
17,Cornelius Fudge,Human,Male,,,,,n
18,Sirius Black,Human,Male,Gryffindor,,,,n
19,George Weasley,Human,Male,Gryffindor,,,,y
20,Ginny Weasley,Human,Female,Gryffindor,Horse,,,y
21,Vernon Dursley,Human,Male,,,,,n
22,Bellatrix Lestrange,Human,Female,Slytherin,,Walnut,Dragon Heartstring,n
23,Lucius Malfoy,Human,Male,Slytherin,,Elm,Dragon Heartstring,n
24,Tom Riddle,Human,Male,Slytherin,,Yew,Phoenix Feather,n
25,Luna Lovegood,Human,Female,Ravenclaw,Hare,,,y
26,Molly Weasley,Human,Female,Gryffindor,,,,n
27,Dobby,House Elf,Male,,,,,n
28,Gilderoy Lockhart,Human,Male,Ravenclaw,,Cherry,Dragon Heartstring,n
29,Seamus Finnigan,Human,Male,Gryffindor,Fox,,,y
30,Griphook,Goblin,Male,,,,,n
31,Dudley Dursley,Human,Male,,,,,n
32,Petunia Dursley,Human,Female,,,,,n
33,Barty Crouch Sr.,Human,Male,,,,,n
34,Xenophilius Lovegood,Human,Male,,,,,n
35,Argus Filch,Human,Male,,,,,n
36,Cedric Diggory,Human,Male,Hufflepuff,,,,y
37,Percy Weasley,Human,Male,Gryffindor,,,,y
38,Sybill Trelawney,Human,Female,Ravenclaw,,Hazel,Unicorn Hair,n
39,Moaning Myrtle,Ghost,Female,Ravenclaw,,,,n
40,Aberforth Dumbledore,Human,Male,,Goat,,,n
41,Quirinus Quirrell,Human,Male,Ravenclaw,,Alder,Unicorn Hair,n
42,James Potter,Human,Male,Gryffindor,Stag,Mahogany,,n
43,Garrick Ollivander,Human,Male,Ravenclaw,,Hornbeam,Dragon Heartstring,n
44,Peter Pettigrew,Human,Male,Gryffindor,,Chestnut,Dragon Heartstring,n
45,Lily Potter,Human,Female,Gryffindor,Doe,Willow,,n
46,Oliver Wood,Human,Male,Gryffindor,,,,y
47,Nearly Headless Nick,Ghost,Human,Gryffindor,,,,n
48,Kreacher,House Elf,Male,,,,,n
49,Igor Karkaroff,Human,Male,,,,,n
50,Rolanda Hooch,Human,Female,,,,,y
51,Rufus Scrimgeour,Human,Male,,,,,n
52,Lee Jordan,Human,Male,Gryffindor,,,,y
53,Scabior,Human,Male,Slytherin,,,,n
54,Helena Ravenclaw,Ghost,Female,Ravenclaw,,,,n
55,Cho Chang,Human,Female,Ravenclaw,Swan,,,y
56,Kingsley Shacklebolt,Human,Male,,Lynx,,,n
57,Rita Skeeter,Human,Female,,,,,n
58,Stanley Shunpike,Human,Male,,,,,n
59,Filius Flitwick,Human (Part-Goblin),Male,Ravenclaw,,,,n
60,Marge Dursley,Human,Female,,,,,n
61,Nymphadora Tonks,Human,Female,Hufflepuff,Jack rabbit,,,n
62,Elphias Doge,Human,Male,,,,,n
63,Narcissa Malfoy,Human,Female,Slytherin,,,,n
64,Bogrod,Goblin,Male,,,,,n
65,Lavender Brown,Human,Female,Gryffindor,,,,y
66,Rosmerta,Human,Female,,,,,n
67,Amos Diggory,Human,Male,,,,,n
68,Aragog,Acromantula,Male,,,,,n
69,Olympe Maxime,Half-Human/Half-Giant,Female,Beauxbatons Academy of Magic,,,,n
70,Corban Yaxley,Human,Male,Slytherin,,,,y
71,Cormac McLaggen,Human,Male,Gryffindor,,,,y
72,Susan Bones,Human,Female,Hufflepuff,,,,y
73,Bill Weasley,Human�(Werewolf�traits),Male,Gryffindor,,,,n
74,Angelina Johnson,Human,Female,Gryffindor,,,,y
75,Dean Thomas,Human,Male,Gryffindor,,,,y
76,Mundungus Fletcher,Human,Male,,,,,n
77,Muriel,Human,Female,,,,,n
78,Parvati Patil,Human,Female,Gryffindor,,,,y
79,Pomona Sprout,Human,Female,Hufflepuff,,,,y
80,Vincent Crabbe,Human,Male,Slytherin,,,,y
81,Fleur Delacour,Human (Quarter-Veela),Female,Beauxbatons Academy of Magic,,,,n
82,Marcus Flint,Human,Male,Slytherin,,,,y
83,Mary Cattermole,Human,Female,,,,,n
84,Albus Potter,Human,Male,Slytherin,,,,n
85,Poppy Pomfrey,Human,Female,,,,,n
86,Serpent of Slitherin,Basilisk,Female,,,,,n
87,Firenze,Centaur,Male,,,,,n
88,Arabella Figg,Human,Female,,,,,n
89,Barty Crouch Jr.,Human,Male,,,,,n
90,Mrs. Cole,Human,Male,,,,,n
91,Pansy Parkinson,Human,Female,Slytherin,,,,y
92,Tom,Human,Male,,,,,n
93,Grawp,Giant,Male,,,,,n
94,Katie Bell,Human,Female,Gryffindor,,,,y
95,Mrs. Granger,Human,Female,,,,,n
96,Pius Thicknesse,Human,Male,,,,,n
97,Bane,Centaur,Male,,,,,n
98,Gellert Grindelwald,Human,Male,Durmstrang Institute,,,,n
99,Gregory Goyle,Human,Male,Slytherin,,,,y
100,Leanne,Human,Female,Hufflepuff,,,,y
101,Padma Patil,Human,Female,Ravenclaw,,,,y
102,Fenrir Greyback,Werewolf,Male,,,,,n
103,Magorian,Centaur,Male,,,,,n
104,Bathilda Bagshot,Human,Female,,,,,n
105,Blaise Zabini,Human,Male,Slytherin,,,,y
106,Colin Creevey,Human,Male,Gryffindor,,,,y
107,Everard,Human,Male,,,,,n
108,Griselda Marchbanks,Human,Female,,,,,n
109,Justin Finch-Fletchley,Human,Male,Hufflepuff,,,,y
110,Mr. Granger,Human,Male,,,,,n
111,Nigel Wolpert,Human,Male,Gryffindor,,,,y
112,Perkins,Human,Male,,,,,n
113,Phineas,Human,Male,,,,,n
114,Viktor Krum,Human,Male,Durmstrang Institute,,,,n
115,Walburga Black,Human,Female,Slytherin,,,,y
116,Zacharias Smith,Human,Male,Hufflepuff,,,,y
117,Bloody Baron,Ghost,Male,Slytherin,,,,n
118,Ernest Macmillan,Human,Male,Hufflepuff,Boar,,,y
119,Michael Corner,Human,Male,Ravenclaw,Squirrel,,,y
120,Alecto Carrow,Human,Female,Slytherin,,,,y
121,Charity Burbage,Human,Female,,,,,n
122,Dilys Derwent,Human,Female,,,,,n
123,Eldred Worple,Human,Male,,,,,n
124,Marcus Belby,Human,Male,Ravenclaw,,,,y
125,Mykew Gregorovitch,Human,Male,,,,,n
126,Other,,,,,,,n
127,Students,,,,,,,n
128,Sorting Hat,,,,,,,n
129,Ghosts,,,,,,,n
130,Merpeople,,,,,,,n
131,Gang thug,,,,,,,n
132,Goblin,,,,,,,n
133,Station guard,,,,,,,n
134,Girl,,,,,,,n
135,Guard,,,,,,,n
136,All,,,,,,,n
137,Maid,,,,,,,n
138,Boy,,,,,,,n
139,Man,,,,,,,n
140,Woman,,,,,,,n
141,The Fat Lady,,,,,,,n
142,Snatcher,,,,,,,n
143,Wizard,,,,,,,n
144,Diary,,,,,,,n
145,Trolley witch,,,,,,,n
146,Waitress,,,,,,,n
147,Ghost,,,,,,,n
148,Howler,,,,,,,n
149,Old man,,,,,,,n
150,Shrunken head,,,,,,,n
151,Skinny kid,,,,,,,n
152,Snake,,,,,,,n
153,Witch,,,,,,,n
154,Class,,,,,,,n
155,Whomping Willow,,,,,,,n
156,Centaur,,,,,,,n
157,Death Eater,,,,,,,n
158,Man in a painting,,,,,,,n
159,Photographer,,,,,,,n
160,Pixie,,,,,,,n
161,Student,,,,,,,n
162,Waiter,,,,,,,n
163,Boy 2,,,,,,,n
164,Crowd,,,,,,,n
165,Gryffindors,,,,,,,n
166,Professors,,,,,,,n
