﻿Movie ID,Movie Title,Release Year,Runtime,Budget,Box Office
1,Harry Potter and the Philosopher's Stone,2001,152,125000000,1002000000
2,Harry Potter and the Chamber of Secrets,2002,161,100000000,880300000
3,Harry Potter and the Prisoner of Azkaban,2004,142,130000000,796700000
4,Harry Potter and the Goblet of Fire,2005,157,150000000,896400000
5,Harry Potter and the Order of the Phoenix,2007,138,150000000,942000000
6,Harry Potter and the Half-Blood Prince,2009,153,250000000,943200000
7,Harry Potter and the Deathly Hallows Part 1,2010,146,200000000,976900000
8,Harry Potter and the Deathly Hallows Part 2,2011,130,250000000,1342000000
