﻿id,Movie.ID,month,gryffindor,hufflepuff,ravenclaw,slytherin,top_scorer
1,1,jan,100,70,100,20,Harry Potter
2,1,feb,100,100,120,60,Cedric Diggory
3,1,mar,100,20,110,120,Oliver Wood
4,1,apr,60,40,140,60,Walburga Black
5,1,may,90,130,50,60,Oliver Wood
6,1,jun,0,150,20,60,Seamus Finnigan
7,1,jul,120,30,100,70,Draco Malfoy
8,1,aug,90,140,90,90,Fred Weasley
9,1,sep,80,20,10,110,Oliver Wood
10,1,oct,50,20,130,80,Pomona Sprout
11,1,nov,90,20,30,30,Pomona Sprout
12,1,dec,90,90,80,0,Walburga Black
13,2,jan,60,110,80,50,Katie Bell
14,2,feb,60,120,140,30,Corban Yaxley
15,2,mar,30,130,20,100,Marcus Flint
16,2,apr,140,60,80,40,Seamus Finnigan
17,2,may,10,50,150,60,Dean Thomas
18,2,jun,130,50,90,90,Katie Bell
19,2,jul,10,50,130,90,Harry Potter
20,2,aug,110,40,140,60,Corban Yaxley
21,2,sep,110,150,110,110,Fred Weasley
22,2,oct,100,80,120,140,Draco Malfoy
23,2,nov,30,90,120,90,Draco Malfoy
24,2,dec,50,90,70,140,Seamus Finnigan
25,3,jan,40,10,30,100,Walburga Black
26,3,feb,130,10,50,60,Seamus Finnigan
27,3,mar,0,20,90,130,Katie Bell
28,3,apr,20,20,30,70,Fred Weasley
29,3,may,100,90,60,150,Katie Bell
30,3,jun,130,60,110,70,Cedric Diggory
31,3,jul,50,130,110,80,Walburga Black
32,3,aug,50,10,10,150,Pomona Sprout
33,3,sep,150,110,10,70,Oliver Wood
34,3,oct,120,150,10,30,Katie Bell
35,3,nov,100,20,0,40,Fred Weasley
36,3,dec,140,150,30,60,Harry Potter
37,4,jan,150,80,40,10,Walburga Black
38,4,feb,150,60,80,130,Fred Weasley
39,4,mar,60,130,110,90,Pomona Sprout
40,4,apr,140,70,150,90,Oliver Wood
41,4,may,20,10,40,0,Pomona Sprout
42,4,jun,30,150,50,0,Seamus Finnigan
43,4,jul,150,110,120,10,Oliver Wood
44,4,aug,60,60,130,0,Harry Potter
45,4,sep,120,80,150,120,Harry Potter
46,4,oct,110,50,30,120,Draco Malfoy
47,4,nov,50,130,40,20,Fred Weasley
48,4,dec,30,140,150,70,Dean Thomas
49,5,jan,120,150,140,30,Fred Weasley
50,5,feb,100,40,110,70,Harry Potter
51,5,mar,10,20,130,110,Seamus Finnigan
52,5,apr,140,30,40,30,Walburga Black
53,5,may,140,100,60,0,Dean Thomas
54,5,jun,20,140,40,100,Walburga Black
55,5,jul,30,20,0,50,Pomona Sprout
56,5,aug,20,150,150,150,Pomona Sprout
57,5,sep,0,10,80,130,Cedric Diggory
58,5,oct,90,10,10,0,Pomona Sprout
59,5,nov,130,40,0,70,Cedric Diggory
60,5,dec,40,140,120,0,Cedric Diggory
61,6,jan,120,120,40,10,Seamus Finnigan
62,6,feb,130,120,30,80,Marcus Flint
63,6,mar,0,120,130,40,Dean Thomas
64,6,apr,50,0,20,90,Draco Malfoy
65,6,may,40,0,150,70,Marcus Flint
66,6,jun,110,140,100,110,Cedric Diggory
67,6,jul,80,40,60,150,Dean Thomas
68,6,aug,30,30,130,90,Corban Yaxley
69,6,sep,90,150,80,10,Walburga Black
70,6,oct,90,100,120,30,Corban Yaxley
71,6,nov,0,60,0,60,Fred Weasley
72,6,dec,30,130,10,130,Seamus Finnigan
73,7,jan,110,100,90,0,Corban Yaxley
74,7,feb,30,50,150,30,Pomona Sprout
75,7,mar,120,20,60,150,Corban Yaxley
76,7,apr,30,120,100,120,Draco Malfoy
77,7,may,150,70,40,10,Corban Yaxley
78,7,jun,60,150,0,110,Marcus Flint
79,7,jul,130,120,0,100,Katie Bell
80,7,aug,140,40,20,50,Fred Weasley
81,7,sep,60,0,80,90,Harry Potter
82,7,oct,120,30,10,100,Oliver Wood
83,7,nov,60,0,150,120,Oliver Wood
84,7,dec,130,140,10,20,Seamus Finnigan
85,8,jan,60,30,70,60,Dean Thomas
86,8,feb,70,130,120,0,Dean Thomas
87,8,mar,80,80,20,0,Draco Malfoy
88,8,apr,150,0,80,120,Katie Bell
89,8,may,150,0,80,50,Draco Malfoy
90,8,jun,140,100,100,60,Dean Thomas
91,8,jul,120,70,110,10,Marcus Flint
92,8,aug,100,60,100,70,Marcus Flint
93,8,sep,120,130,30,50,Draco Malfoy
94,8,oct,90,150,70,140,Oliver Wood
95,8,nov,70,0,50,10,Marcus Flint
95,8,dec,130,120,100,0,Draco Malfoy
